seed,mode,p_mut,nominal_cost,ov_vac,ov_lits,balance,mc_ov_vac,mc_ov_lits,mc_balance,mc_mean,mc_std,mc_p95,cost_increase,pct_last5d
42,nominal,0.002380952380952381,5314.878553630471,1054.0,12.0,177.57107260943263,1054.0,52.64,177.5710726094326,5436.798553630471,22.54250256982469,5479.878553630471,121.92000000000007,0.16428571428571428
42,upper,0.002380952380952381,5345.897193259815,1053.0,24.0,177.94386519629649,1053.0,55.315,177.94386519629646,5439.842193259815,22.101910488375907,5474.897193259815,93.94499999999971,0.16904761904761906
43,nominal,0.002380952380952381,5225.947149069616,1038.0,9.0,178.94298139231157,1038.0,46.94,178.94298139231157,5339.767149069617,25.972300668405374,5381.947149069616,113.82000000000062,0.17857142857142858
43,upper,0.002380952380952381,5348.022465363515,1042.0,43.0,180.44930727029978,1042.0,75.33,180.44930727029984,5445.012465363515,23.333283321315154,5483.172465363515,96.98999999999978,0.18571428571428572
44,nominal,0.002380952380952381,5291.87358306852,1047.0,16.0,177.47166137039784,1047.0,53.37,177.47166137039784,5403.98358306852,21.740310612492134,5436.02358306852,112.10999999999967,0.16904761904761906
44,upper,0.002380952380952381,5294.899300416465,1041.0,27.0,177.98600832930023,1041.0,60.595,177.98600832930018,5395.684300416465,22.06816245113873,5433.049300416465,100.78499999999985,0.18571428571428572
45,nominal,0.002380952380952381,5354.929892299122,1056.0,22.0,178.59784598244505,1056.0,62.675,178.59784598244508,5476.954892299122,23.86950231369556,5519.929892299122,122.02499999999964,0.14523809523809525
45,upper,0.002380952380952381,5258.924934322694,1047.0,5.0,178.4986864538774,1047.0,38.33,178.49868645387738,5358.914934322693,21.872630381346344,5394.0749343226935,99.98999999999887,0.16428571428571428
46,nominal,0.002380952380952381,5262.028440528612,1041.0,16.0,180.56881057224118,1041.0,53.465,180.56881057224112,5374.423440528613,24.31801398182221,5415.178440528612,112.39500000000135,0.1761904761904762
46,upper,0.002380952380952381,5253.117732607534,1038.0,18.0,182.35465215068612,1038.0,45.21,182.35465215068615,5334.747732607534,21.1824593216787,5370.117732607534,81.63000000000011,0.1523809523809524
47,nominal,0.002380952380952381,5250.936255756754,1046.0,4.0,178.7251151350737,1046.0,42.875,178.72511513507376,5367.561255756753,22.094460867036904,5404.086255756753,116.62499999999909,0.16428571428571428
47,upper,0.002380952380952381,5300.026409680046,1048.0,17.0,180.52819360090893,1048.0,39.925,180.52819360090893,5368.801409680046,17.941960448167812,5396.026409680046,68.77500000000055,0.19523809523809524
48,nominal,0.002380952380952381,5318.8895256875785,1044.0,30.0,177.79051375156482,1044.0,72.915,177.7905137515648,5447.634525687577,26.815580391980966,5490.039525687578,128.74499999999807,0.16904761904761906
48,upper,0.002380952380952381,5265.9786930482605,1040.0,19.0,179.57386096520315,1040.0,52.625,179.57386096520312,5366.853693048259,23.507710164665752,5409.9786930482605,100.87499999999818,0.17857142857142858
49,nominal,0.002380952380952381,5271.950795404805,1043.0,16.0,179.01590809610727,1043.0,59.395,179.01590809610724,5402.1357954048035,25.875052982248572,5448.950795404805,130.18499999999858,0.17857142857142858
49,upper,0.002380952380952381,5330.907376573734,1050.0,24.0,178.14753147467843,1050.0,61.49,178.14753147467846,5443.377376573734,22.869063608984057,5483.907376573734,112.47000000000025,0.1761904761904762
50,nominal,0.002380952380952381,5339.9932090939365,1056.0,17.0,179.86418187872343,1056.0,60.975,179.8641818787234,5471.918209093938,24.638682969924798,5511.143209093936,131.9250000000011,0.18095238095238095
50,upper,0.002380952380952381,5349.01760977187,1047.0,35.0,180.3521954374079,1047.0,65.02,180.35219543740786,5439.077609771872,23.556761344147574,5478.01760977187,90.06000000000131,0.16428571428571428
51,nominal,0.002380952380952381,5237.952348736644,1041.0,8.0,179.04697473288326,1041.0,39.285,179.04697473288326,5331.8073487366455,22.57926239832164,5372.952348736644,93.85500000000138,0.15714285714285714
51,upper,0.002380952380952381,5263.875525486663,1039.0,20.0,177.51050973325394,1039.0,45.445,177.51050973325394,5340.210525486663,20.866476082956677,5374.875525486663,76.33500000000004,0.16666666666666666
