scale,mode,method,planned_cost,nominal_cost,mc_mean,mc_p95,cost_increase,ov_vac,ov_lits,balance,mc_ov_vac,mc_ov_lits,mc_balance,pct_last5d,time_s,mc_mean_sd_seeds
large,baseline,Random,,16848.14,16956.55,16993.35,108.41,3338.7,48.2,200.79,3338.7,84.34,200.79,0.17,0.0,2454.27
large,nominal,Fourmis (ACO),5783.47,5783.47,5895.72,5935.33,112.25,1146.5,14.1,173.32,1146.5,51.52,173.32,0.16,10.09,169.36
large,nominal,Genetique,8569.44,8569.44,8673.48,8711.37,104.04,1695.8,27.1,182.76,1695.8,61.78,182.76,0.18,0.87,528.76
large,nominal,Recuit simule,5206.66,5206.66,5315.99,5355.22,109.33,1039.6,0.1,167.22,1039.6,36.54,167.22,0.17,0.27,25.73
large,nominal,Tabou,5198.4,5198.4,5313.07,5350.59,114.67,1038.0,0.0,167.94,1038.0,38.22,167.94,0.17,0.33,17.32
large,nominal,Tabou x Recuit,5198.34,5198.34,5310.73,5349.26,112.39,1038.0,0.0,166.81,1038.0,37.46,166.81,0.17,0.54,19.4
large,upper,Fourmis (ACO),6776.66,5885.96,5990.1,6025.55,104.14,1160.7,24.6,173.17,1160.7,59.31,173.17,0.17,10.07,209.28
large,upper,Genetique,8930.16,8019.36,8131.28,8169.72,111.92,1578.1,39.9,183.21,1578.1,77.21,183.21,0.17,0.87,244.78
large,upper,Recuit simule,5765.7,5371.8,5384.37,5400.63,12.57,1038.1,57.5,176.07,1038.1,61.69,176.07,0.24,0.27,24.67
large,upper,Tabou,5811.56,5358.86,5376.2,5393.1,17.34,1039.7,50.5,177.15,1039.7,56.28,177.15,0.23,0.33,27.34
large,upper,Tabou x Recuit,5670.54,5407.14,5413.04,5425.14,5.9,1038.0,69.4,178.89,1038.0,71.37,178.89,0.26,0.53,11.45
small,baseline,Random,,4.56,4.56,4.56,0.0,0.0,0.0,91.27,0.0,0.0,91.27,1.0,0.0,0.36
small,nominal,Fourmis (ACO),3.29,3.29,3.29,3.29,0.0,0.0,0.0,65.81,0.0,0.0,65.81,1.0,0.99,0.03
small,nominal,Genetique,3.29,3.29,3.29,3.29,0.0,0.0,0.0,65.88,0.0,0.0,65.88,1.0,0.28,0.03
small,nominal,Recuit simule,3.25,3.25,3.25,3.25,0.0,0.0,0.0,64.98,0.0,0.0,64.98,1.0,0.11,0.0
small,nominal,Tabou,3.25,3.25,3.25,3.25,0.0,0.0,0.0,64.96,0.0,0.0,64.96,1.0,0.13,0.0
small,nominal,Tabou x Recuit,3.25,3.25,3.25,3.25,0.0,0.0,0.0,64.96,0.0,0.0,64.96,1.0,0.21,0.0
small,upper,Fourmis (ACO),3.29,3.29,3.29,3.29,0.0,0.0,0.0,65.81,0.0,0.0,65.81,1.0,0.99,0.03
small,upper,Genetique,3.29,3.29,3.29,3.29,0.0,0.0,0.0,65.88,0.0,0.0,65.88,1.0,0.28,0.03
small,upper,Recuit simule,3.25,3.25,3.25,3.25,0.0,0.0,0.0,64.98,0.0,0.0,64.98,1.0,0.11,0.0
small,upper,Tabou,3.25,3.25,3.25,3.25,0.0,0.0,0.0,64.96,0.0,0.0,64.96,1.0,0.13,0.0
small,upper,Tabou x Recuit,3.25,3.25,3.25,3.25,0.0,0.0,0.0,64.96,0.0,0.0,64.96,1.0,0.21,0.0
