scale,seed,mode,method,time_s,nominal_cost,ov_vac,ov_lits,balance,mc_ov_vac,mc_ov_lits,mc_balance,mc_mean,mc_std,mc_p95,cost_increase,pct_last5d,planned_cost
small,42,baseline,Random,0.0,4.985769545334368,0.0,0.0,99.71539090668736,0.0,0.0,99.71539090668738,4.985769545334369,8.904072272690043e-16,4.985769545334368,8.881784197001252e-16,1.0,
small,42,nominal,Recuit simule,0.10626480000064475,3.2488742163200763,0.0,0.0,64.97748432640152,0.0,0.0,64.97748432640152,3.248874216320076,4.452036136345021e-16,3.2488742163200763,-4.440892098500626e-16,1.0,3.2488742163200763
small,42,nominal,Tabou,0.13099460000012186,3.2486763395548763,0.0,0.0,64.97352679109753,0.0,0.0,64.97352679109754,3.2486763395548763,0.0,3.2486763395548763,0.0,1.0,3.2486763395548763
small,42,nominal,Genetique,0.2894282999986899,3.272969069608243,0.0,0.0,65.45938139216486,0.0,0.0,65.45938139216487,3.2729690696082434,4.452036136345021e-16,3.272969069608243,4.440892098500626e-16,1.0,3.272969069608243
small,42,nominal,Tabou x Recuit,0.2062700999995286,3.2486763395548763,0.0,0.0,64.97352679109753,0.0,0.0,64.97352679109754,3.2486763395548763,0.0,3.2486763395548763,0.0,1.0,3.2486763395548763
small,42,nominal,Fourmis (ACO),0.9888988999991852,3.301823862099026,0.0,0.0,66.03647724198052,0.0,0.0,66.0364772419805,3.301823862099027,8.904072272690043e-16,3.301823862099026,8.881784197001252e-16,1.0,3.301823862099026
small,42,upper,Recuit simule,0.10572429999956512,3.2488742163200763,0.0,0.0,64.97748432640152,0.0,0.0,64.97748432640152,3.248874216320076,4.452036136345021e-16,3.2488742163200763,-4.440892098500626e-16,1.0,3.2488742163200763
small,42,upper,Tabou,0.1286419999996724,3.2486763395548763,0.0,0.0,64.97352679109753,0.0,0.0,64.97352679109754,3.2486763395548763,0.0,3.2486763395548763,0.0,1.0,3.2486763395548763
small,42,upper,Genetique,0.272816699998657,3.272969069608243,0.0,0.0,65.45938139216486,0.0,0.0,65.45938139216487,3.2729690696082434,4.452036136345021e-16,3.272969069608243,4.440892098500626e-16,1.0,3.272969069608243
small,42,upper,Tabou x Recuit,0.20822010000119917,3.2486763395548763,0.0,0.0,64.97352679109753,0.0,0.0,64.97352679109754,3.2486763395548763,0.0,3.2486763395548763,0.0,1.0,3.2486763395548763
small,42,upper,Fourmis (ACO),0.9844888999978139,3.301823862099026,0.0,0.0,66.03647724198052,0.0,0.0,66.0364772419805,3.301823862099027,8.904072272690043e-16,3.301823862099026,8.881784197001252e-16,1.0,3.301823862099026
small,43,baseline,Random,0.0,4.040443499601175,0.0,0.0,80.8088699920235,0.0,0.0,80.80886999202349,4.040443499601175,0.0,4.040443499601175,0.0,1.0,
small,43,nominal,Recuit simule,0.10782819999803905,3.2478847119380365,0.0,0.0,64.95769423876072,0.0,0.0,64.95769423876072,3.247884711938035,1.3356108409035063e-15,3.2478847119380365,-1.3322676295501878e-15,1.0,3.2478847119380365
small,43,nominal,Tabou,0.1314660999996704,3.2473788488187054,0.0,0.0,64.94757697637411,0.0,0.0,64.9475769763741,3.247378848818705,4.452036136345021e-16,3.2473788488187054,-4.440892098500626e-16,1.0,3.2473788488187054
small,43,nominal,Genetique,0.28555039999992005,3.292595279330484,0.0,0.0,65.85190558660967,0.0,0.0,65.85190558660966,3.292595279330484,0.0,3.292595279330484,0.0,1.0,3.292595279330484
small,43,nominal,Tabou x Recuit,0.20721210000192514,3.2473788488187054,0.0,0.0,64.94757697637411,0.0,0.0,64.9475769763741,3.247378848818705,4.452036136345021e-16,3.2473788488187054,-4.440892098500626e-16,1.0,3.2473788488187054
small,43,nominal,Fourmis (ACO),0.9984851999979583,3.271310041520844,0.0,0.0,65.42620083041687,0.0,0.0,65.42620083041687,3.2713100415208443,4.452036136345021e-16,3.271310041520844,4.440892098500626e-16,1.0,3.271310041520844
small,43,upper,Recuit simule,0.10625689999869792,3.2478847119380365,0.0,0.0,64.95769423876072,0.0,0.0,64.95769423876072,3.247884711938035,1.3356108409035063e-15,3.2478847119380365,-1.3322676295501878e-15,1.0,3.2478847119380365
small,43,upper,Tabou,0.12896570000157226,3.2473788488187054,0.0,0.0,64.94757697637411,0.0,0.0,64.9475769763741,3.247378848818705,4.452036136345021e-16,3.2473788488187054,-4.440892098500626e-16,1.0,3.2473788488187054
small,43,upper,Genetique,0.2736232999995991,3.292595279330484,0.0,0.0,65.85190558660967,0.0,0.0,65.85190558660966,3.292595279330484,0.0,3.292595279330484,0.0,1.0,3.292595279330484
small,43,upper,Tabou x Recuit,0.2088417999984813,3.2473788488187054,0.0,0.0,64.94757697637411,0.0,0.0,64.9475769763741,3.247378848818705,4.452036136345021e-16,3.2473788488187054,-4.440892098500626e-16,1.0,3.2473788488187054
small,43,upper,Fourmis (ACO),0.992387599999347,3.271310041520844,0.0,0.0,65.42620083041687,0.0,0.0,65.42620083041687,3.2713100415208443,4.452036136345021e-16,3.271310041520844,4.440892098500626e-16,1.0,3.271310041520844
small,44,baseline,Random,0.0,4.319214308748521,0.0,0.0,86.38428617497041,0.0,0.0,86.3842861749704,4.319214308748521,0.0,4.319214308748521,0.0,1.0,
small,44,nominal,Recuit simule,0.10688420000224141,3.247444835433494,0.0,0.0,64.94889670866988,0.0,0.0,64.94889670866985,3.2474448354334937,4.452036136345021e-16,3.247444835433494,-4.440892098500626e-16,1.0,3.247444835433494
small,44,nominal,Tabou,0.12891619999936665,3.2482805498620717,0.0,0.0,64.96561099724143,0.0,0.0,64.96561099724144,3.248280549862073,1.3356108409035063e-15,3.2482805498620717,1.3322676295501878e-15,1.0,3.2482805498620717
small,44,nominal,Genetique,0.27553809999881196,3.3403226044861025,0.0,0.0,66.80645208972204,0.0,0.0,66.80645208972204,3.340322604486104,1.3356108409035063e-15,3.3403226044861025,1.3322676295501878e-15,1.0,3.3403226044861025
small,44,nominal,Tabou x Recuit,0.20720640000217827,3.2482805498620717,0.0,0.0,64.96561099724143,0.0,0.0,64.96561099724144,3.248280549862073,1.3356108409035063e-15,3.2482805498620717,1.3322676295501878e-15,1.0,3.2482805498620717
small,44,nominal,Fourmis (ACO),1.0286979000011343,3.3709109772176618,0.0,0.0,67.41821954435324,0.0,0.0,67.41821954435322,3.3709109772176618,0.0,3.3709109772176618,0.0,1.0,3.3709109772176618
small,44,upper,Recuit simule,0.10515239999949699,3.247444835433494,0.0,0.0,64.94889670866988,0.0,0.0,64.94889670866985,3.2474448354334937,4.452036136345021e-16,3.247444835433494,-4.440892098500626e-16,1.0,3.247444835433494
small,44,upper,Tabou,0.1281922999987728,3.2482805498620717,0.0,0.0,64.96561099724143,0.0,0.0,64.96561099724144,3.248280549862073,1.3356108409035063e-15,3.2482805498620717,1.3322676295501878e-15,1.0,3.2482805498620717
small,44,upper,Genetique,0.2864556000022276,3.3403226044861025,0.0,0.0,66.80645208972204,0.0,0.0,66.80645208972204,3.340322604486104,1.3356108409035063e-15,3.3403226044861025,1.3322676295501878e-15,1.0,3.3403226044861025
small,44,upper,Tabou x Recuit,0.20999250000022585,3.2482805498620717,0.0,0.0,64.96561099724143,0.0,0.0,64.96561099724144,3.248280549862073,1.3356108409035063e-15,3.2482805498620717,1.3322676295501878e-15,1.0,3.2482805498620717
small,44,upper,Fourmis (ACO),0.9874010999992606,3.3709109772176618,0.0,0.0,67.41821954435324,0.0,0.0,67.41821954435322,3.3709109772176618,0.0,3.3709109772176618,0.0,1.0,3.3709109772176618
small,45,baseline,Random,0.0,4.589728994711775,0.0,0.0,91.7945798942355,0.0,0.0,91.79457989423553,4.589728994711776,8.904072272690043e-16,4.589728994711775,8.881784197001252e-16,1.0,
small,45,nominal,Recuit simule,0.10961219999808236,3.2489841426488484,0.0,0.0,64.97968285297696,0.0,0.0,64.97968285297698,3.248984142648849,4.452036136345021e-16,3.2489841426488484,4.440892098500626e-16,1.0,3.2489841426488484
small,45,nominal,Tabou,0.12925710000126855,3.247664781133091,0.0,0.0,64.95329562266181,0.0,0.0,64.95329562266181,3.2476647811330897,1.3356108409035063e-15,3.247664781133091,-1.3322676295501878e-15,1.0,3.247664781133091
small,45,nominal,Genetique,0.27535490000082063,3.255156035634318,0.0,0.0,65.10312071268636,0.0,0.0,65.10312071268638,3.255156035634318,0.0,3.255156035634318,0.0,1.0,3.255156035634318
small,45,nominal,Tabou x Recuit,0.2109662999973807,3.24766478113309,0.0,0.0,64.9532956226618,0.0,0.0,64.95329562266181,3.2476647811330897,4.452036136345021e-16,3.24766478113309,-4.440892098500626e-16,1.0,3.24766478113309
small,45,nominal,Fourmis (ACO),0.996600500002387,3.2968011707083087,0.0,0.0,65.93602341416617,0.0,0.0,65.93602341416616,3.2968011707083087,0.0,3.2968011707083087,0.0,1.0,3.2968011707083087
small,45,upper,Recuit simule,0.1066694999972242,3.2489841426488484,0.0,0.0,64.97968285297696,0.0,0.0,64.97968285297698,3.248984142648849,4.452036136345021e-16,3.2489841426488484,4.440892098500626e-16,1.0,3.2489841426488484
small,45,upper,Tabou,0.1324666000000434,3.247664781133091,0.0,0.0,64.95329562266181,0.0,0.0,64.95329562266181,3.2476647811330897,1.3356108409035063e-15,3.247664781133091,-1.3322676295501878e-15,1.0,3.247664781133091
small,45,upper,Genetique,0.27232029999868246,3.255156035634318,0.0,0.0,65.10312071268636,0.0,0.0,65.10312071268638,3.255156035634318,0.0,3.255156035634318,0.0,1.0,3.255156035634318
small,45,upper,Tabou x Recuit,0.20733490000202437,3.24766478113309,0.0,0.0,64.9532956226618,0.0,0.0,64.95329562266181,3.2476647811330897,4.452036136345021e-16,3.24766478113309,-4.440892098500626e-16,1.0,3.24766478113309
small,45,upper,Fourmis (ACO),0.9850148999976227,3.2968011707083087,0.0,0.0,65.93602341416617,0.0,0.0,65.93602341416616,3.2968011707083087,0.0,3.2968011707083087,0.0,1.0,3.2968011707083087
small,46,baseline,Random,0.0,5.123214472439374,0.0,0.0,102.46428944878747,0.0,0.0,102.46428944878745,5.123214472439373,8.904072272690043e-16,5.123214472439374,-8.881784197001252e-16,1.0,
small,46,nominal,Recuit simule,0.11144969999804744,3.2504787716424115,0.0,0.0,65.00957543284822,0.0,0.0,65.00957543284824,3.250478771642413,1.3356108409035063e-15,3.2504787716424115,1.3322676295501878e-15,1.0,3.2504787716424115
small,46,nominal,Tabou,0.12898929999937536,3.2482805498620717,0.0,0.0,64.96561099724143,0.0,0.0,64.96561099724144,3.248280549862073,1.3356108409035063e-15,3.2482805498620717,1.3322676295501878e-15,1.0,3.2482805498620717
small,46,nominal,Genetique,0.27211869999882765,3.302386273899651,0.0,0.0,66.04772547799301,0.0,0.0,66.04772547799301,3.3023862738996503,4.452036136345021e-16,3.302386273899651,-4.440892098500626e-16,1.0,3.302386273899651
small,46,nominal,Tabou x Recuit,0.20858379999845056,3.2482805498620717,0.0,0.0,64.96561099724143,0.0,0.0,64.96561099724144,3.248280549862073,1.3356108409035063e-15,3.2482805498620717,1.3322676295501878e-15,1.0,3.2482805498620717
small,46,nominal,Fourmis (ACO),0.998294299999543,3.29534922741312,0.0,0.0,65.9069845482624,0.0,0.0,65.90698454826239,3.29534922741312,0.0,3.29534922741312,0.0,1.0,3.29534922741312
small,46,upper,Recuit simule,0.10554479999700561,3.2504787716424115,0.0,0.0,65.00957543284822,0.0,0.0,65.00957543284824,3.250478771642413,1.3356108409035063e-15,3.2504787716424115,1.3322676295501878e-15,1.0,3.2504787716424115
small,46,upper,Tabou,0.1288332999974955,3.2482805498620717,0.0,0.0,64.96561099724143,0.0,0.0,64.96561099724144,3.248280549862073,1.3356108409035063e-15,3.2482805498620717,1.3322676295501878e-15,1.0,3.2482805498620717
small,46,upper,Genetique,0.2801724999990256,3.302386273899651,0.0,0.0,66.04772547799301,0.0,0.0,66.04772547799301,3.3023862738996503,4.452036136345021e-16,3.302386273899651,-4.440892098500626e-16,1.0,3.302386273899651
small,46,upper,Tabou x Recuit,0.210270199997467,3.2482805498620717,0.0,0.0,64.96561099724143,0.0,0.0,64.96561099724144,3.248280549862073,1.3356108409035063e-15,3.2482805498620717,1.3322676295501878e-15,1.0,3.2482805498620717
small,46,upper,Fourmis (ACO),1.0012090999989596,3.29534922741312,0.0,0.0,65.9069845482624,0.0,0.0,65.90698454826239,3.29534922741312,0.0,3.29534922741312,0.0,1.0,3.29534922741312
small,47,baseline,Random,0.0,4.068191695762306,0.0,0.0,81.36383391524612,0.0,0.0,81.36383391524612,4.068191695762307,8.904072272690043e-16,4.068191695762306,8.881784197001252e-16,1.0,
small,47,nominal,Recuit simule,0.10692439999911585,3.2505227209148497,0.0,0.0,65.01045441829699,0.0,0.0,65.01045441829697,3.2505227209148506,8.904072272690043e-16,3.2505227209148497,8.881784197001252e-16,1.0,3.2505227209148497
small,47,nominal,Tabou,0.12861119999797666,3.2474008445059503,0.0,0.0,64.948016890119,0.0,0.0,64.94801689011899,3.2474008445059503,0.0,3.2474008445059503,0.0,1.0,3.2474008445059503
small,47,nominal,Genetique,0.2729042999999365,3.319537095833129,0.0,0.0,66.39074191666258,0.0,0.0,66.39074191666258,3.319537095833129,0.0,3.319537095833129,0.0,1.0,3.319537095833129
small,47,nominal,Tabou x Recuit,0.20769769999969867,3.247356852982475,0.0,0.0,64.94713705964949,0.0,0.0,64.9471370596495,3.2473568529824752,4.452036136345021e-16,3.247356852982475,4.440892098500626e-16,1.0,3.247356852982475
small,47,nominal,Fourmis (ACO),0.9842523000006622,3.2558800810289092,0.0,0.0,65.11760162057818,0.0,0.0,65.11760162057818,3.2558800810289092,0.0,3.2558800810289092,0.0,1.0,3.2558800810289092
small,47,upper,Recuit simule,0.10925430000133929,3.2505227209148497,0.0,0.0,65.01045441829699,0.0,0.0,65.01045441829697,3.2505227209148506,8.904072272690043e-16,3.2505227209148497,8.881784197001252e-16,1.0,3.2505227209148497
small,47,upper,Tabou,0.12839289999828907,3.2474008445059503,0.0,0.0,64.948016890119,0.0,0.0,64.94801689011899,3.2474008445059503,0.0,3.2474008445059503,0.0,1.0,3.2474008445059503
small,47,upper,Genetique,0.2719299999989744,3.319537095833129,0.0,0.0,66.39074191666258,0.0,0.0,66.39074191666258,3.319537095833129,0.0,3.319537095833129,0.0,1.0,3.319537095833129
small,47,upper,Tabou x Recuit,0.20634739999877638,3.247356852982475,0.0,0.0,64.94713705964949,0.0,0.0,64.9471370596495,3.2473568529824752,4.452036136345021e-16,3.247356852982475,4.440892098500626e-16,1.0,3.247356852982475
small,47,upper,Fourmis (ACO),0.9864844999974594,3.2558800810289092,0.0,0.0,65.11760162057818,0.0,0.0,65.11760162057818,3.2558800810289092,0.0,3.2558800810289092,0.0,1.0,3.2558800810289092
small,48,baseline,Random,0.0,4.483609606337378,0.0,0.0,89.67219212674756,0.0,0.0,89.67219212674755,4.483609606337379,8.904072272690043e-16,4.483609606337378,8.881784197001252e-16,1.0,
small,48,nominal,Recuit simule,0.11057049999726587,3.2485444150152123,0.0,0.0,64.97088830030424,0.0,0.0,64.97088830030425,3.2485444150152114,8.904072272690043e-16,3.2485444150152123,-8.881784197001252e-16,1.0,3.2485444150152123
small,48,nominal,Tabou,0.13005369999882532,3.2477527552422574,0.0,0.0,64.95505510484514,0.0,0.0,64.95505510484513,3.247752755242258,4.452036136345021e-16,3.2477527552422574,4.440892098500626e-16,1.0,3.2477527552422574
small,48,nominal,Genetique,0.27904389999821433,3.3170831789882103,0.0,0.0,66.3416635797642,0.0,0.0,66.34166357976419,3.3170831789882107,4.452036136345021e-16,3.3170831789882103,4.440892098500626e-16,1.0,3.3170831789882103
small,48,nominal,Tabou x Recuit,0.20794670000032056,3.2477527552422574,0.0,0.0,64.95505510484514,0.0,0.0,64.95505510484513,3.247752755242258,4.452036136345021e-16,3.2477527552422574,4.440892098500626e-16,1.0,3.2477527552422574
small,48,nominal,Fourmis (ACO),0.984288400002697,3.2741255258746076,0.0,0.0,65.48251051749214,0.0,0.0,65.48251051749216,3.274125525874609,1.3356108409035063e-15,3.2741255258746076,1.3322676295501878e-15,1.0,3.2741255258746076
small,48,upper,Recuit simule,0.10520270000051823,3.2485444150152123,0.0,0.0,64.97088830030424,0.0,0.0,64.97088830030425,3.2485444150152114,8.904072272690043e-16,3.2485444150152123,-8.881784197001252e-16,1.0,3.2485444150152123
small,48,upper,Tabou,0.12919160000092234,3.2477527552422574,0.0,0.0,64.95505510484514,0.0,0.0,64.95505510484513,3.247752755242258,4.452036136345021e-16,3.2477527552422574,4.440892098500626e-16,1.0,3.2477527552422574
small,48,upper,Genetique,0.27206780000051367,3.3170831789882103,0.0,0.0,66.3416635797642,0.0,0.0,66.34166357976419,3.3170831789882107,4.452036136345021e-16,3.3170831789882103,4.440892098500626e-16,1.0,3.3170831789882103
small,48,upper,Tabou x Recuit,0.20811669999966398,3.2477527552422574,0.0,0.0,64.95505510484514,0.0,0.0,64.95505510484513,3.247752755242258,4.452036136345021e-16,3.2477527552422574,4.440892098500626e-16,1.0,3.2477527552422574
small,48,upper,Fourmis (ACO),0.983499900001334,3.2741255258746076,0.0,0.0,65.48251051749214,0.0,0.0,65.48251051749216,3.274125525874609,1.3356108409035063e-15,3.2741255258746076,1.3322676295501878e-15,1.0,3.2741255258746076
small,49,baseline,Random,0.0,4.5785569422547745,0.0,0.0,91.57113884509549,0.0,0.0,91.57113884509546,4.578556942254775,8.904072272690043e-16,4.5785569422547745,8.881784197001252e-16,1.0,
small,49,nominal,Recuit simule,0.10782290000133798,3.2473568529824757,0.0,0.0,64.9471370596495,0.0,0.0,64.94713705964952,3.247356852982477,1.3356108409035063e-15,3.2473568529824757,1.3322676295501878e-15,1.0,3.2473568529824757
small,49,nominal,Tabou,0.12976440000056755,3.247840726968473,0.0,0.0,64.95681453936946,0.0,0.0,64.95681453936946,3.247840726968473,0.0,3.247840726968473,0.0,1.0,3.247840726968473
small,49,nominal,Genetique,0.2737773999979254,3.2671587856442246,0.0,0.0,65.34317571288449,0.0,0.0,65.34317571288447,3.267158785644225,4.452036136345021e-16,3.2671587856442246,4.440892098500626e-16,1.0,3.2671587856442246
small,49,nominal,Tabou x Recuit,0.2066441000024497,3.247840726968473,0.0,0.0,64.95681453936946,0.0,0.0,64.95681453936946,3.247840726968473,0.0,3.247840726968473,0.0,1.0,3.247840726968473
small,49,nominal,Fourmis (ACO),0.9814667999999074,3.2739291753026607,0.0,0.0,65.47858350605321,0.0,0.0,65.4785835060532,3.273929175302661,4.452036136345021e-16,3.2739291753026607,4.440892098500626e-16,1.0,3.2739291753026607
small,49,upper,Recuit simule,0.10847189999913098,3.2473568529824757,0.0,0.0,64.9471370596495,0.0,0.0,64.94713705964952,3.247356852982477,1.3356108409035063e-15,3.2473568529824757,1.3322676295501878e-15,1.0,3.2473568529824757
small,49,upper,Tabou,0.12971470000047702,3.247840726968473,0.0,0.0,64.95681453936946,0.0,0.0,64.95681453936946,3.247840726968473,0.0,3.247840726968473,0.0,1.0,3.247840726968473
small,49,upper,Genetique,0.2732819000011659,3.2671587856442246,0.0,0.0,65.34317571288449,0.0,0.0,65.34317571288447,3.267158785644225,4.452036136345021e-16,3.2671587856442246,4.440892098500626e-16,1.0,3.2671587856442246
small,49,upper,Tabou x Recuit,0.2082336999992549,3.247840726968473,0.0,0.0,64.95681453936946,0.0,0.0,64.95681453936946,3.247840726968473,0.0,3.247840726968473,0.0,1.0,3.247840726968473
small,49,upper,Fourmis (ACO),0.9853039000008721,3.2739291753026607,0.0,0.0,65.47858350605321,0.0,0.0,65.4785835060532,3.273929175302661,4.452036136345021e-16,3.2739291753026607,4.440892098500626e-16,1.0,3.2739291753026607
small,50,baseline,Random,0.0,4.867285628330754,0.0,0.0,97.34571256661508,0.0,0.0,97.34571256661506,4.867285628330754,0.0,4.867285628330754,0.0,1.0,
small,50,nominal,Recuit simule,0.10630599999785773,3.248588390457037,0.0,0.0,64.97176780914074,0.0,0.0,64.97176780914073,3.2485883904570367,4.452036136345021e-16,3.248588390457037,-4.440892098500626e-16,1.0,3.248588390457037
small,50,nominal,Tabou,0.12840660000074422,3.248324528876073,0.0,0.0,64.96649057752145,0.0,0.0,64.96649057752144,3.248324528876074,8.904072272690043e-16,3.248324528876073,8.881784197001252e-16,1.0,3.248324528876073
small,50,nominal,Genetique,0.2717672999970091,3.295067432960227,0.0,0.0,65.90134865920454,0.0,0.0,65.90134865920456,3.295067432960227,0.0,3.295067432960227,0.0,1.0,3.295067432960227
small,50,nominal,Tabou x Recuit,0.20901770000273245,3.248324528876073,0.0,0.0,64.96649057752145,0.0,0.0,64.96649057752144,3.248324528876074,8.904072272690043e-16,3.248324528876073,8.881784197001252e-16,1.0,3.248324528876073
small,50,nominal,Fourmis (ACO),0.9838419000006979,3.2636151233669377,0.0,0.0,65.27230246733875,0.0,0.0,65.27230246733873,3.2636151233669386,8.904072272690043e-16,3.2636151233669377,8.881784197001252e-16,1.0,3.2636151233669377
small,50,upper,Recuit simule,0.10579530000177328,3.248588390457037,0.0,0.0,64.97176780914074,0.0,0.0,64.97176780914073,3.2485883904570367,4.452036136345021e-16,3.248588390457037,-4.440892098500626e-16,1.0,3.248588390457037
small,50,upper,Tabou,0.12861340000017663,3.248324528876073,0.0,0.0,64.96649057752145,0.0,0.0,64.96649057752144,3.248324528876074,8.904072272690043e-16,3.248324528876073,8.881784197001252e-16,1.0,3.248324528876073
small,50,upper,Genetique,0.27750059999743826,3.295067432960227,0.0,0.0,65.90134865920454,0.0,0.0,65.90134865920456,3.295067432960227,0.0,3.295067432960227,0.0,1.0,3.295067432960227
small,50,upper,Tabou x Recuit,0.20971579999968526,3.248324528876073,0.0,0.0,64.96649057752145,0.0,0.0,64.96649057752144,3.248324528876074,8.904072272690043e-16,3.248324528876073,8.881784197001252e-16,1.0,3.248324528876073
small,50,upper,Fourmis (ACO),0.9976319999987027,3.2636151233669377,0.0,0.0,65.27230246733875,0.0,0.0,65.27230246733873,3.2636151233669386,8.904072272690043e-16,3.2636151233669377,8.881784197001252e-16,1.0,3.2636151233669377
small,51,baseline,Random,0.0,4.580678142469515,0.0,0.0,91.61356284939029,0.0,0.0,91.61356284939029,4.580678142469516,8.904072272690043e-16,4.580678142469515,8.881784197001252e-16,1.0,
small,51,nominal,Recuit simule,0.11094220000086352,3.2498853982934253,0.0,0.0,64.9977079658685,0.0,0.0,64.99770796586849,3.249885398293425,4.452036136345021e-16,3.2498853982934253,-4.440892098500626e-16,1.0,3.2498853982934253
small,51,nominal,Tabou,0.1291455999999016,3.2479067041994405,0.0,0.0,64.95813408398881,0.0,0.0,64.95813408398882,3.2479067041994405,0.0,3.2479067041994405,0.0,1.0,3.2479067041994405
small,51,nominal,Genetique,0.27536830000099144,3.2778975342279937,0.0,0.0,65.55795068455987,0.0,0.0,65.55795068455986,3.2778975342279946,8.904072272690043e-16,3.2778975342279937,8.881784197001252e-16,1.0,3.2778975342279937
small,51,nominal,Tabou x Recuit,0.21484079999936512,3.247554810145313,0.0,0.0,64.95109620290626,0.0,0.0,64.95109620290624,3.2475548101453127,4.452036136345021e-16,3.247554810145313,-4.440892098500626e-16,1.0,3.247554810145313
small,51,nominal,Fourmis (ACO),0.9929550000015297,3.299919603225979,0.0,0.0,65.99839206451958,0.0,0.0,65.99839206451956,3.2999196032259794,4.452036136345021e-16,3.299919603225979,4.440892098500626e-16,1.0,3.299919603225979
small,51,upper,Recuit simule,0.10752169999977923,3.2498853982934253,0.0,0.0,64.9977079658685,0.0,0.0,64.99770796586849,3.249885398293425,4.452036136345021e-16,3.2498853982934253,-4.440892098500626e-16,1.0,3.2498853982934253
small,51,upper,Tabou,0.129541700000118,3.2479067041994405,0.0,0.0,64.95813408398881,0.0,0.0,64.95813408398882,3.2479067041994405,0.0,3.2479067041994405,0.0,1.0,3.2479067041994405
small,51,upper,Genetique,0.27729510000062874,3.2778975342279937,0.0,0.0,65.55795068455987,0.0,0.0,65.55795068455986,3.2778975342279946,8.904072272690043e-16,3.2778975342279937,8.881784197001252e-16,1.0,3.2778975342279937
small,51,upper,Tabou x Recuit,0.20763309999892954,3.247554810145313,0.0,0.0,64.95109620290626,0.0,0.0,64.95109620290624,3.2475548101453127,4.452036136345021e-16,3.247554810145313,-4.440892098500626e-16,1.0,3.247554810145313
small,51,upper,Fourmis (ACO),0.9823008000021218,3.299919603225979,0.0,0.0,65.99839206451958,0.0,0.0,65.99839206451956,3.2999196032259794,4.452036136345021e-16,3.299919603225979,4.440892098500626e-16,1.0,3.299919603225979
large,42,baseline,Random,0.0,16111.987552982046,3194.0,44.0,199.75105964090503,3194.0,77.765,199.751059640905,16213.282552982047,21.8143831349362,16247.137552982045,101.29500000000189,0.15476190476190477,
large,42,nominal,Recuit simule,0.26678700000047684,5198.350327926131,1038.0,0.0,167.0065585226196,1038.0,32.285,167.0065585226196,5295.205327926133,20.939347083455278,5327.350327926131,96.85500000000138,0.16904761904761906,5198.350327926131
large,42,nominal,Tabou,0.3321760999970138,5198.467775066047,1038.0,0.0,169.3555013209326,1038.0,42.21,169.35550132093258,5325.097775066048,22.344113251255344,5360.467775066047,126.63000000000102,0.16666666666666666,5198.467775066047
large,42,nominal,Genetique,0.8671767999985605,8090.106835491234,1600.0,27.0,182.13670982467988,1600.0,56.195,182.13670982467988,8177.691835491232,20.892468768823566,8216.106835491233,87.58499999999822,0.19523809523809524,8090.106835491234
large,42,nominal,Tabou x Recuit,0.5319132000004174,5198.347125270621,1038.0,0.0,166.9425054124284,1038.0,39.525,166.94250541242837,5316.922125270622,22.340768219179832,5354.497125270621,118.57500000000073,0.1619047619047619,5198.347125270621
large,42,nominal,Fourmis (ACO),10.081750599998486,5953.775474497963,1171.0,30.0,175.50948995926015,1171.0,64.565,175.50948995926018,6057.470474497963,21.079699801434387,6088.925474497963,103.69499999999971,0.1761904761904762,5953.775474497963
large,42,upper,Recuit simule,0.26502240000263555,5384.78866560637,1038.0,62.0,175.7733121273984,1038.0,63.495,175.7733121273984,5389.27366560637,11.14814697178516,5408.78866560637,4.484999999999673,0.23095238095238096,5807.78866560637
large,42,upper,Tabou,0.32367750000048545,5372.740007916397,1038.0,58.0,174.80015832794297,1038.0,67.05,174.8001583279429,5399.890007916398,11.912052087051295,5417.890007916397,27.150000000000546,0.2261904761904762,5837.740007916397
large,42,upper,Genetique,0.8565030999998271,7786.982854053702,1537.0,31.0,179.65708107404328,1537.0,68.965,179.65708107404325,7900.8778540537,22.44667550453809,7940.1328540537015,113.89499999999771,0.16904761904761906,8692.982854053702
large,42,upper,Tabou x Recuit,0.5179376999985834,5420.821564503162,1038.0,74.0,176.43129006323875,1038.0,75.27,176.43129006323875,5424.631564503162,8.435620812510619,5438.821564503162,3.8099999999994907,0.25476190476190474,5693.821564503162
large,42,upper,Fourmis (ACO),10.071767099998397,6170.735390540925,1203.0,49.0,174.70781081851416,1203.0,72.925,174.70781081851416,6242.510390540925,20.714726026956264,6275.885390540925,71.77499999999964,0.19047619047619047,6959.735390540925
large,43,baseline,Random,0.0,14314.571545145582,2840.0,35.0,191.43090291164896,2840.0,72.335,191.43090291164896,14426.57654514558,22.164641473714198,14464.571545145582,112.0049999999992,0.16428571428571428,
large,43,nominal,Recuit simule,0.2684324000001652,5198.371196381335,1038.0,0.0,167.4239276266989,1038.0,40.96,167.42392762669894,5321.251196381333,24.665105659330337,5363.521196381334,122.87999999999829,0.1738095238095238,5198.371196381335
large,43,nominal,Tabou,0.33022510000228067,5198.395974108811,1038.0,0.0,167.91948217622357,1038.0,48.86,167.91948217622354,5344.975974108811,26.563540963936145,5390.395974108811,146.57999999999993,0.1761904761904762,5198.395974108811
large,43,nominal,Genetique,0.8667190000014671,9380.352681066977,1861.0,22.0,187.0536213395395,1861.0,56.215,187.05362133953946,9482.997681066976,22.628282543186334,9518.352681066977,102.64499999999862,0.19047619047619047,9380.352681066977
large,43,nominal,Tabou x Recuit,0.532224499998847,5198.353339810982,1038.0,0.0,167.06679621963477,1038.0,52.08,167.06679621963477,5354.593339810981,25.647639404732278,5399.353339810982,156.23999999999887,0.17142857142857143,5198.353339810982
large,43,nominal,Fourmis (ACO),10.069811099998333,5905.684463428754,1168.0,19.0,173.68926857506364,1168.0,54.9,173.6892685750636,6013.384463428755,21.505404252426917,6049.684463428754,107.70000000000164,0.15714285714285714,5905.684463428754
large,43,upper,Recuit simule,0.26523290000113775,5366.811696787989,1038.0,56.0,176.23393575976985,1038.0,63.71,176.23393575976982,5389.94169678799,11.375416497979867,5411.811696787989,23.13000000000102,0.2523809523809524,5774.811696787989
large,43,upper,Tabou,0.332712100000208,5309.801750383149,1038.0,37.0,176.03500766297168,1038.0,43.635,176.03500766297162,5329.70675038315,11.978035803442179,5348.801750383149,19.905000000001564,0.2261904761904762,5858.801750383149
large,43,upper,Genetique,0.8515173000014329,8020.224642220323,1583.0,32.0,184.49284440646528,1583.0,57.05,184.4928444064653,8095.374642220321,21.240368789916484,8128.224642220323,75.14999999999782,0.1595238095238095,8878.224642220322
large,43,upper,Tabou x Recuit,0.5259439000001294,5384.900264859495,1038.0,62.0,178.00529718989938,1038.0,65.015,178.00529718989944,5393.945264859496,7.670538495048448,5405.900264859495,9.045000000000982,0.2571428571428571,5690.900264859495
large,43,upper,Fourmis (ACO),10.124660800000129,5882.71105894266,1158.0,28.0,174.22117885319722,1158.0,62.765,174.2211788531972,5987.00605894266,21.332212530754667,6023.71105894266,104.29500000000007,0.16904761904761906,6755.71105894266
large,44,baseline,Random,0.0,15238.763368139444,3011.0,58.0,195.2673627888735,3011.0,99.475,195.2673627888735,15363.188368139448,22.967627972286706,15400.763368139444,124.42500000000473,0.14047619047619048,
large,44,nominal,Recuit simule,0.2748126000005868,5198.345152587702,1038.0,0.0,166.9030517540265,1038.0,33.36,166.90305175402654,5298.425152587702,22.151910429540656,5333.345152587702,100.07999999999993,0.16904761904761906,5198.345152587702
large,44,nominal,Tabou,0.32980269999825396,5198.407989414702,1038.0,0.0,168.15978829402994,1038.0,42.35,168.15978829402997,5325.457989414701,22.953470522891003,5363.407989414702,127.04999999999927,0.18095238095238095,5198.407989414702
large,44,nominal,Genetique,0.8485631000003195,8454.159938671952,1674.0,25.0,183.19877343904125,1674.0,59.18,183.19877343904128,8556.699938671949,21.33175140700951,8592.159938671952,102.53999999999724,0.1738095238095238,8454.159938671952
large,44,nominal,Tabou x Recuit,0.5217348000005586,5198.356149734099,1038.0,0.0,167.1229946819824,1038.0,36.005,167.1229946819824,5306.371149734099,20.88770586448897,5339.356149734099,108.01500000000033,0.1761904761904762,5198.356149734099
large,44,nominal,Fourmis (ACO),10.115707500001008,5770.630298251074,1138.0,24.0,172.60596502148394,1138.0,63.85,172.6059650214839,5890.180298251074,23.585139261192612,5932.780298251074,119.55000000000018,0.17857142857142858,5770.630298251074
large,44,upper,Recuit simule,0.2721199000006891,5357.768802942554,1038.0,53.0,175.37605885108889,1038.0,56.37,175.37605885108889,5367.878802942554,10.129210458994969,5384.768802942554,10.109999999999673,0.22857142857142856,5750.768802942554
large,44,upper,Tabou,0.32853520000207936,5358.018302833557,1038.0,53.0,180.36605667112914,1038.0,55.255,180.36605667112912,5364.783302833558,7.584682726409952,5376.018302833557,6.765000000001237,0.23809523809523808,5778.018302833557
large,44,upper,Genetique,0.8505146999996214,8324.162679234789,1627.0,60.0,183.25358469578399,1627.0,94.05,183.253584695784,8426.312679234787,21.649503574565525,8462.162679234789,102.14999999999782,0.16428571428571428,9206.162679234789
large,44,upper,Tabou x Recuit,0.5308248000001186,5409.04953433675,1038.0,70.0,180.990686735001,1038.0,71.73,180.990686735001,5414.23953433675,6.9480411902859025,5424.04953433675,5.1899999999996,0.2619047619047619,5649.04953433675
large,44,upper,Fourmis (ACO),10.095044199999393,6002.750923776957,1179.0,33.0,175.01847553914232,1179.0,73.45,175.01847553914237,6124.100923776958,24.03530694414984,6161.900923776957,121.35000000000036,0.1595238095238095,6896.750923776957
large,45,baseline,Random,0.0,15662.846996172275,3100.0,51.0,196.93992344548127,3100.0,88.795,196.9399234454813,15776.231996172275,24.199480350747848,15815.846996172275,113.38500000000022,0.1738095238095238,
large,45,nominal,Recuit simule,0.26810889999978826,5198.381507439006,1038.0,0.0,167.63014878012055,1038.0,38.235,167.63014878012058,5313.086507439007,22.44989899362847,5357.381507439006,114.70500000000084,0.16666666666666666,5198.381507439006
large,45,nominal,Tabou,0.33132800000021234,5198.361729730921,1038.0,0.0,167.23459461842282,1038.0,33.29,167.2345946184228,5298.231729730922,21.958231249305804,5336.361729730921,99.8700000000008,0.16428571428571428,5198.361729730921
large,45,nominal,Genetique,0.8570962999983749,8805.159496778526,1740.0,32.0,183.18993557051945,1740.0,65.53,183.1899355705195,8905.749496778524,22.43364083705608,8943.159496778526,100.58999999999833,0.1595238095238095,8805.159496778526
large,45,nominal,Tabou x Recuit,0.5381075000004785,5198.326355190577,1038.0,0.0,166.52710381152636,1038.0,35.355,166.52710381152636,5304.391355190576,23.282421065114047,5345.326355190577,106.0649999999996,0.17142857142857143,5198.326355190577
large,45,nominal,Fourmis (ACO),10.143872200002079,5744.59775027593,1140.0,12.0,171.95500551860215,1140.0,55.1,171.95500551860212,5873.897750275929,26.00772981346606,5918.747750275929,129.29999999999927,0.15714285714285714,5744.59775027593
large,45,upper,Recuit simule,0.27119450000100187,5405.859704138757,1038.0,69.0,177.19408277513543,1038.0,70.76,177.19408277513546,5411.139704138755,9.319650175676387,5426.859704138757,5.279999999998836,0.23809523809523808,5753.859704138757
large,45,upper,Tabou,0.33423599999878206,5365.990075231298,1039.0,54.0,179.80150462596146,1039.0,56.865,179.80150462596148,5374.585075231298,9.268251042507138,5387.1400752312975,8.595000000000255,0.23809523809523808,5785.990075231298
large,45,upper,Genetique,0.8740934000015841,7951.114244492244,1571.0,29.0,182.28488984487893,1571.0,71.71,182.28488984487893,8079.244244492245,26.446743679634388,8125.114244492244,128.13000000000102,0.1595238095238095,8920.114244492244
large,45,upper,Tabou x Recuit,0.5216333999997005,5421.105886390139,1038.0,74.0,182.1177278027742,1038.0,74.405,182.1177278027742,5422.320886390139,6.373529981267096,5433.105886390139,1.2150000000001455,0.26904761904761904,5640.105886390139
large,45,upper,Fourmis (ACO),10.141372800000681,5727.634100460363,1133.0,18.0,172.68200920725607,1133.0,51.545,172.68200920725604,5828.269100460361,22.829095756628792,5862.634100460363,100.6349999999984,0.17142857142857143,6639.634100460363
large,46,baseline,Random,0.0,13806.573481493297,2730.0,49.0,191.4696298659339,2730.0,81.27,191.46962986593388,13903.3834814933,22.433237634228565,13941.573481493297,96.81000000000313,0.15476190476190477,
large,46,nominal,Recuit simule,0.26487030000134837,5198.34180523443,1038.0,0.0,166.83610468859672,1038.0,36.915,166.8361046885967,5309.086805234428,22.47567026294976,5345.491805234429,110.74499999999807,0.17142857142857143,5198.34180523443
large,46,nominal,Tabou,0.337051500002417,5198.384959624381,1038.0,0.0,167.69919248761377,1038.0,38.39,167.69919248761377,5313.554959624381,21.81399440173198,5348.5349596243805,115.17000000000007,0.17142857142857143,5198.384959624381
large,46,nominal,Genetique,0.8892363999984809,7998.048122683351,1587.0,18.0,180.9624536670196,1587.0,58.81,180.9624536670196,8120.478122683351,23.184102593486912,8160.048122683351,122.43000000000029,0.1738095238095238,7998.048122683351
large,46,nominal,Tabou x Recuit,0.555588600000192,5198.340450787042,1038.0,0.0,166.8090157408355,1038.0,37.965,166.80901574083552,5312.235450787042,24.113508276628583,5354.340450787042,113.89500000000044,0.16904761904761906,5198.340450787042
large,46,nominal,Fourmis (ACO),10.123257999999623,5777.681107033729,1149.0,8.0,173.62214067458765,1149.0,43.305,173.62214067458765,5883.596107033729,23.240230562172023,5924.681107033729,105.91499999999996,0.17142857142857143,5777.681107033729
large,46,upper,Recuit simule,0.27163470000232337,5399.93835770031,1038.0,67.0,178.767154006193,1038.0,70.8,178.76715400619304,5411.33835770031,6.988864078341175,5421.08835770031,11.399999999999636,0.26666666666666666,5690.93835770031
large,46,upper,Tabou,0.33263979999901494,5366.93669270334,1038.0,56.0,178.7338540667916,1038.0,59.295,178.73385406679157,5376.821692703339,10.387070383692356,5393.93669270334,9.884999999999309,0.2357142857142857,5726.93669270334
large,46,upper,Genetique,0.859501699997054,8439.245959235699,1668.0,30.0,184.91918471398105,1668.0,63.13,184.91918471398102,8538.6359592357,21.571149073746838,8571.245959235699,99.39000000000124,0.1523809523809524,9387.245959235699
large,46,upper,Tabou x Recuit,0.5261281999992207,5400.006230663248,1038.0,67.0,180.12461326496964,1038.0,69.3,180.12461326496964,5406.906230663248,8.312973453475655,5421.006230663248,6.899999999999636,0.2619047619047619,5637.006230663248
large,46,upper,Fourmis (ACO),10.097111200000654,6065.62899322592,1203.0,14.0,172.57986451839685,1203.0,48.48,172.57986451839682,6169.068993225919,23.42584579596394,6206.778993225919,103.4399999999996,0.15714285714285714,7001.62899322592
large,47,baseline,Random,0.0,17423.986110606504,3448.0,58.0,199.72221213009982,3448.0,88.45,199.7222121300998,17515.336110606502,20.85575008379677,17546.986110606504,91.34999999999854,0.19047619047619047,
large,47,nominal,Recuit simule,0.2788795000014943,5198.348912121754,1038.0,0.0,166.97824243509098,1038.0,33.13,166.978242435091,5297.738912121755,21.953534759628372,5336.498912121754,99.39000000000033,0.17857142857142858,5198.348912121754
large,47,nominal,Tabou,0.3240845000000263,5198.426370189421,1038.0,0.0,168.52740378841773,1038.0,34.875,168.52740378841776,5303.0513701894215,21.191739525593526,5339.426370189421,104.62500000000091,0.16428571428571428,5198.426370189421
large,47,nominal,Genetique,0.8584877999965101,9110.153590255695,1798.0,37.0,183.07180511390715,1798.0,82.085,183.07180511390717,9245.408590255694,23.566008546081154,9284.303590255695,135.2549999999992,0.17857142857142858,9110.153590255695
large,47,nominal,Tabou x Recuit,0.5160352999992028,5198.339244587099,1038.0,0.0,166.78489174196412,1038.0,35.745,166.78489174196412,5305.574244587099,21.593544889723933,5345.339244587099,107.23500000000058,0.16666666666666666,5198.339244587099
large,47,nominal,Fourmis (ACO),10.063017899999977,5893.685634022838,1174.0,5.0,173.71268045676436,1174.0,43.815,173.71268045676433,6010.130634022839,24.02651330735575,6052.685634022838,116.44500000000153,0.1619047619047619,5893.685634022838
large,47,upper,Recuit simule,0.26772229999915,5372.710728212826,1038.0,58.0,174.21456425653102,1038.0,62.965,174.21456425653102,5387.605728212827,8.86265809690939,5402.710728212826,14.895000000000437,0.2261904761904762,5792.710728212826
large,47,upper,Tabou,0.3337298999977065,5354.924240679858,1038.0,52.0,178.48481359714404,1038.0,54.62,178.48481359714407,5362.784240679857,8.381026669818024,5378.924240679858,7.859999999999673,0.2357142857142857,5774.924240679858
large,47,upper,Genetique,0.9062489999996615,7910.21023500541,1552.0,47.0,184.20470010819517,1552.0,89.665,184.2047001081951,8038.20523500541,24.926726287603138,8078.36023500541,127.99499999999989,0.17857142857142858,8771.21023500541
large,47,upper,Tabou x Recuit,0.5443019999984244,5423.970402406307,1038.0,75.0,179.4080481261259,1038.0,77.155,179.40804812612586,5430.435402406308,6.603545187641721,5441.970402406307,6.465000000001055,0.2619047619047619,5654.970402406307
large,47,upper,Fourmis (ACO),10.072319899998547,6021.6556629026,1187.0,26.0,173.113258052001,1187.0,49.425,173.11325805200096,6091.9306629026005,19.17623568574857,6123.8056629026,70.27500000000055,0.18571428571428572,6825.6556629026
large,48,baseline,Random,0.0,16856.804301791395,3343.0,44.0,196.0860358279294,3343.0,80.28,196.08603582792938,16965.64430179139,23.964471189596168,17006.804301791395,108.83999999999651,0.18095238095238095,
large,48,nominal,Recuit simule,0.2700507000008656,5198.3715689658575,1038.0,0.0,167.43137931715594,1038.0,39.87,167.43137931715594,5317.981568965857,23.866418450371672,5357.3715689658575,119.60999999999967,0.1595238095238095,5198.3715689658575
large,48,nominal,Tabou,0.34024399999907473,5198.387330314663,1038.0,0.0,167.74660629324964,1038.0,42.045,167.74660629324964,5324.522330314661,24.11523372243025,5363.5373303146625,126.1349999999984,0.16904761904761906,5198.387330314663
large,48,nominal,Genetique,0.914938699999766,8069.138492649365,1594.0,30.0,182.76985298729585,1594.0,61.4,182.76985298729588,8163.338492649364,22.11913835136973,8201.138492649365,94.19999999999891,0.1619047619047619,8069.138492649365
large,48,nominal,Tabou x Recuit,0.5551001000021643,5198.337865451268,1038.0,0.0,166.7573090253578,1038.0,40.915,166.75730902535776,5321.08286545127,23.682785873576368,5363.337865451268,122.74500000000171,0.16904761904761906,5198.337865451268
large,48,nominal,Fourmis (ACO),10.079960799997934,5671.618453363492,1126.0,11.0,172.36906726983796,1126.0,45.1,172.36906726983798,5773.918453363494,20.94501055947892,5809.618453363492,102.300000000002,0.15714285714285714,5671.618453363492
large,48,upper,Recuit simule,0.26787489999696845,5372.854600649628,1038.0,58.0,177.09201299256733,1038.0,61.695,177.09201299256733,5383.939600649627,7.674782500642007,5396.854600649628,11.084999999999127,0.2357142857142857,5738.854600649628
large,48,upper,Tabou,0.3286413999994693,5342.748207995961,1038.0,48.0,174.96415991921268,1038.0,58.005,174.96415991921273,5372.76320799596,11.446391325298087,5393.748207995961,30.014999999999418,0.2357142857142857,5810.748207995961
large,48,upper,Genetique,0.9050506999992649,8052.152326027411,1569.0,66.0,183.0465205482127,1569.0,96.9,183.04652054821273,8144.852326027411,23.93017480779561,8187.152326027411,92.70000000000073,0.16428571428571428,8862.15232602741
large,48,upper,Tabou x Recuit,0.5341415000002598,5408.989246236615,1038.0,70.0,179.7849247322971,1038.0,73.415,179.78492473229707,5419.234246236614,8.923177150110902,5432.989246236615,10.244999999998981,0.2714285714285714,5648.989246236615
large,48,upper,Fourmis (ACO),10.025677199999336,5927.62370350767,1167.0,28.0,172.47407015341017,1167.0,72.57,172.47407015341017,6061.33370350767,22.771001129996716,6101.77370350767,133.71000000000004,0.15476190476190477,6890.62370350767
large,49,baseline,Random,0.0,18274.320801939015,3636.0,28.0,206.4160387803226,3636.0,67.08,206.41603878032262,18391.56080193901,21.740414626697063,18427.320801939015,117.23999999999432,0.14047619047619048,
large,49,nominal,Recuit simule,0.27333489999728044,5281.368382975031,1054.0,1.0,167.36765950060968,1054.0,33.93,167.3676595006097,5380.158382975031,21.966303568473045,5422.368382975031,98.78999999999996,0.16428571428571428,5281.368382975031
large,49,nominal,Tabou,0.3278234000026714,5198.356797934139,1038.0,0.0,167.135958682766,1038.0,37.76,167.13595868276596,5311.6367979341385,22.391931425511828,5348.506797934138,113.27999999999975,0.15,5198.356797934139
large,49,nominal,Genetique,0.870372800000041,9040.205867709426,1784.0,37.0,184.11735418851393,1784.0,74.365,184.11735418851393,9152.30086770943,23.962616928254125,9196.205867709426,112.09500000000298,0.20238095238095238,9040.205867709426
large,49,nominal,Tabou x Recuit,0.5468246999989788,5198.339288841304,1038.0,0.0,166.7857768260649,1038.0,32.315,166.7857768260649,5295.284288841304,20.952733957684558,5330.339288841304,96.94500000000062,0.15,5198.339288841304
large,49,nominal,Fourmis (ACO),10.048292699997546,5426.702641924951,1071.0,21.0,174.05283849902926,1071.0,58.37,174.05283849902932,5538.81264192495,24.302075102166828,5579.852641924951,112.10999999999876,0.16428571428571428,5426.702641924951
large,49,upper,Recuit simule,0.26547370000116643,5342.733876317051,1038.0,48.0,174.67752634101726,1038.0,51.625,174.67752634101726,5353.60887631705,7.557443334140436,5366.883876317051,10.87499999999909,0.23095238095238096,5801.733876317051
large,49,upper,Tabou,0.33275099999809754,5348.803531504465,1038.0,50.0,176.07063008930635,1038.0,55.325,176.07063008930635,5364.778531504467,11.530792290830295,5381.953531504465,15.975000000001273,0.2261904761904762,5822.803531504465
large,49,upper,Genetique,0.8677091999998083,7727.214317291075,1522.0,36.0,184.28634582148464,1522.0,83.37,184.28634582148464,7869.324317291074,28.986877987761755,7916.364317291074,142.10999999999967,0.1761904761904762,8741.214317291075
large,49,upper,Tabou x Recuit,0.5307906999987608,5411.878659556574,1038.0,71.0,177.57319113147904,1038.0,71.47,177.57319113147904,5413.288659556576,7.572225099983763,5423.878659556574,1.4100000000016735,0.2571428571428571,5702.878659556574
large,49,upper,Fourmis (ACO),10.015912700000627,5973.633790223116,1181.0,20.0,172.67580446232768,1181.0,58.275,172.67580446232768,6088.458790223117,22.660358209235223,6120.783790223116,114.82500000000073,0.1738095238095238,6843.633790223116
large,50,baseline,Random,0.0,18596.56314573896,3695.0,37.0,211.2629147791863,3695.0,74.71,211.26291477918633,18709.693145738966,23.371010260641604,18746.56314573896,113.13000000000466,0.16904761904761906,
large,50,nominal,Recuit simule,0.27387739999903715,5198.38081427443,1038.0,0.0,167.6162854886056,1038.0,44.45,167.6162854886056,5331.7308142744305,24.429109828955617,5372.38081427443,133.35000000000036,0.16904761904761906,5198.38081427443
large,50,nominal,Tabou,0.3347127000015462,5198.408390101141,1038.0,0.0,168.16780202282544,1038.0,29.575,168.16780202282544,5287.133390101141,20.234290388785283,5321.708390101141,88.72500000000036,0.16666666666666666,5198.408390101141
large,50,nominal,Genetique,0.8612536000000546,7971.9976015480115,1580.0,21.0,179.95203096023124,1580.0,48.27,179.95203096023124,8053.807601548011,20.288469879472213,8085.9976015480115,81.80999999999949,0.15714285714285714,7971.9976015480115
large,50,nominal,Tabou x Recuit,0.5284491999991587,5198.348420169773,1038.0,0.0,166.96840339545176,1038.0,26.97,166.96840339545176,5279.258420169773,18.490576168285724,5309.348420169773,80.90999999999985,0.16904761904761906,5198.348420169773
large,50,nominal,Fourmis (ACO),10.04717829999936,6010.63985230791,1198.0,4.0,172.79704615819605,1198.0,41.415,172.79704615819605,6122.8848523079105,23.035148476331408,6163.63985230791,112.2450000000008,0.1738095238095238,6010.63985230791
large,50,upper,Recuit simule,0.27146580000044196,5396.885780524048,1038.0,66.0,177.71561048095012,1038.0,70.445,177.71561048095012,5410.220780524048,9.650827287682825,5426.885780524048,13.335000000000036,0.24047619047619048,5729.885780524048
large,50,upper,Tabou,0.332985799999733,5419.755551996284,1051.0,52.0,175.1110399256851,1051.0,57.29,175.11103992568513,5435.625551996284,10.329403802474413,5452.755551996284,15.86999999999989,0.23333333333333334,5845.755551996284
large,50,upper,Genetique,0.8701368999973056,8256.248891840834,1617.0,54.0,184.97783681668102,1617.0,96.79,184.97783681668102,8384.618891840835,21.624086235668738,8412.398891840834,128.3700000000008,0.18333333333333332,9150.248891840834
large,50,upper,Tabou x Recuit,0.5287226000000373,5402.873530746129,1038.0,68.0,177.47061492257734,1038.0,67.91,177.47061492257737,5402.603530746131,6.33147200013095,5411.873530746129,-0.26999999999861757,0.2523809523809524,5672.873530746129
large,50,upper,Fourmis (ACO),10.05506830000013,5590.586252871811,1111.0,9.0,171.72505743622253,1111.0,44.07,171.7250574362225,5695.796252871813,20.305849839108983,5728.586252871811,105.21000000000186,0.1619047619047619,6514.586252871811
large,51,baseline,Random,0.0,22194.97864269942,4390.0,78.0,219.57285398841267,4390.0,113.205,219.57285398841262,22300.59364269942,22.21767088372423,22335.97864269942,105.61499999999796,0.1976190476190476,
large,51,nominal,Recuit simule,0.2708701999981713,5198.35035929068,1038.0,0.0,167.0071858136011,1038.0,32.29,167.00718581360113,5295.220359290679,22.04456655443387,5336.50035929068,96.86999999999898,0.15,5198.35035929068
large,51,nominal,Tabou,0.330993400002626,5198.371735343667,1038.0,0.0,167.43470687333507,1038.0,32.885,167.43470687333505,5297.026735343667,22.46641211601964,5333.5217353436665,98.65499999999975,0.17142857142857143,5198.371735343667
large,51,nominal,Genetique,0.8611003999976674,8775.05903128941,1740.0,22.0,181.18062578818336,1740.0,55.76,181.18062578818336,8876.339031289406,24.161966042006505,8916.209031289409,101.27999999999702,0.16904761904761906,8775.05903128941
large,51,nominal,Tabou x Recuit,0.5279114000004483,5198.318922795285,1038.0,0.0,166.37845590571263,1038.0,37.76,166.37845590571263,5311.598922795284,23.928738425020768,5351.318922795285,113.27999999999884,0.16666666666666666,5198.318922795285
large,51,nominal,Fourmis (ACO),10.136596000000281,5679.645210636539,1130.0,7.0,172.9042127307642,1130.0,44.75,172.9042127307642,5792.895210636538,23.475583380938097,5832.645210636539,113.24999999999909,0.1523809523809524,5679.645210636539
large,51,upper,Recuit simule,0.27041509999980917,5317.684041208563,1039.0,38.0,173.68082417125748,1039.0,45.02,173.68082417125748,5338.744041208564,11.313104421788541,5359.684041208563,21.06000000000131,0.2261904761904762,5815.684041208563
large,51,upper,Tabou,0.3294477999988885,5348.859047046334,1041.0,45.0,177.18094092668207,1041.0,55.47,177.1809409266821,5380.269047046333,12.987891539167004,5399.859047046334,31.409999999998945,0.22142857142857142,5873.859047046334
large,51,upper,Genetique,0.8863409999976284,7726.048330564128,1535.0,14.0,180.96661128255946,1535.0,50.445,180.9666112825594,7835.3833305641265,24.254363436887875,7876.048330564128,109.33499999999822,0.15,8692.048330564128
large,51,upper,Tabou x Recuit,0.5231982000004791,5387.847936283333,1038.0,63.0,176.95872566666264,1038.0,67.985,176.95872566666267,5402.802936283332,9.213436495700261,5417.847936283333,14.954999999999018,0.25952380952380955,5714.847936283333
large,51,upper,Fourmis (ACO),10.048338000000513,5496.623664854431,1085.0,21.0,172.47329708861247,1085.0,59.635,172.4732970886125,5612.52866485443,22.688760970398082,5649.623664854431,115.90499999999884,0.1619047619047619,6438.623664854431
