group,instance_id,method,seed,unstarted,overtime,changes,cost,seconds,gap,stop,evaluations
small,small-reference,aco,0,0,165,0,0.31368821292775667,0.5762416759998814,0.0,evaluations,1000
small,small-reference,aco,1,0,165,0,0.31368821292775667,0.5703056350002953,0.0,evaluations,1000
small,small-reference,aco,2,0,165,0,0.31368821292775667,0.5751273320001928,0.0,evaluations,1000
small,small-reference,annealing,0,0,165,0,0.31368821292775667,0.5160490380003466,0.0,evaluations,1000
small,small-reference,annealing,1,0,165,0,0.31368821292775667,0.5395896390000416,0.0,evaluations,1000
small,small-reference,annealing,2,0,165,0,0.31368821292775667,0.5130800870001622,0.0,evaluations,1000
small,small-reference,baseline,0,1,60,0,1.1140684410646389,0.00023969399990164675,0.8003802281368821,baseline,0
small,small-reference,baseline,1,1,60,0,1.1140684410646389,0.00017292500069743255,0.8003802281368821,baseline,0
small,small-reference,baseline,2,1,60,0,1.1140684410646389,0.00017018899961840361,0.8003802281368821,baseline,0
small,small-reference,genetic,0,0,165,0,0.31368821292775667,0.5195428979995995,0.0,evaluations,1000
small,small-reference,genetic,1,0,165,0,0.31368821292775667,0.5209489620001477,0.0,evaluations,1000
small,small-reference,genetic,2,0,165,0,0.31368821292775667,0.5270405000001119,0.0,evaluations,1000
small,small-reference,hybrid,0,0,165,0,0.31368821292775667,0.5373633239996707,0.0,evaluations,1000
small,small-reference,hybrid,1,0,165,0,0.31368821292775667,0.566331782000816,0.0,evaluations,1000
small,small-reference,hybrid,2,0,165,0,0.31368821292775667,0.5089903409998442,0.0,evaluations,1000
small,small-reference,tabu,0,0,165,0,0.31368821292775667,0.5269821539995974,0.0,evaluations,1000
small,small-reference,tabu,1,0,165,0,0.31368821292775667,0.5137519800000518,0.0,evaluations,1000
small,small-reference,tabu,2,0,165,0,0.31368821292775667,0.5232558990001053,0.0,evaluations,1000
historical,2022-01-03,aco,0,0,30,0,0.027002700270027002,0.5730805339999279,,evaluations,1000
historical,2022-01-03,aco,1,0,30,0,0.027002700270027002,0.6099039410000842,,evaluations,1000
historical,2022-01-03,aco,2,0,30,0,0.027002700270027002,0.5768398230002276,,evaluations,1000
historical,2022-01-03,annealing,0,0,30,0,0.027002700270027002,0.5281711239995275,,evaluations,1000
historical,2022-01-03,annealing,1,0,30,0,0.027002700270027002,0.5488909870000498,,evaluations,1000
historical,2022-01-03,annealing,2,0,30,0,0.027002700270027002,0.5270397090007464,,evaluations,1000
historical,2022-01-03,baseline,0,0,77,0,0.06930693069306931,0.0002617860000100336,,baseline,0
historical,2022-01-03,baseline,1,0,77,0,0.06930693069306931,0.00019652999981190078,,baseline,0
historical,2022-01-03,baseline,2,0,77,0,0.06930693069306931,0.00019835300008708145,,baseline,0
historical,2022-01-03,genetic,0,0,30,0,0.027002700270027002,0.524452784999994,,evaluations,1000
historical,2022-01-03,genetic,1,0,30,0,0.027002700270027002,0.5444474059995628,,evaluations,1000
historical,2022-01-03,genetic,2,0,30,0,0.027002700270027002,0.534619193999788,,evaluations,1000
historical,2022-01-03,hybrid,0,0,30,0,0.027002700270027002,0.5288954600000579,,evaluations,1000
historical,2022-01-03,hybrid,1,0,30,0,0.027002700270027002,0.538210858999264,,evaluations,1000
historical,2022-01-03,hybrid,2,0,30,0,0.027002700270027002,0.5195126389999132,,evaluations,1000
historical,2022-01-03,tabu,0,0,30,0,0.027002700270027002,0.5363917149998088,,evaluations,1000
historical,2022-01-03,tabu,1,0,30,0,0.027002700270027002,0.5201898969999093,,evaluations,1000
historical,2022-01-03,tabu,2,0,30,0,0.027002700270027002,0.5284774649999235,,evaluations,1000
historical,2022-02-02,aco,0,1,198,0,1.1409252669039147,0.6435254649995841,,evaluations,1000
historical,2022-02-02,aco,1,1,198,0,1.1409252669039147,0.617012362999958,,evaluations,1000
historical,2022-02-02,aco,2,1,198,0,1.1409252669039147,0.6407039420000729,,evaluations,1000
historical,2022-02-02,annealing,0,1,198,0,1.1409252669039147,0.5438416910001251,,evaluations,1000
historical,2022-02-02,annealing,1,1,198,0,1.1409252669039147,0.530764027999794,,evaluations,1000
historical,2022-02-02,annealing,2,1,198,0,1.1409252669039147,0.5412940209998851,,evaluations,1000
historical,2022-02-02,baseline,0,2,79,0,2.0562277580071173,0.0002518960000088555,,baseline,0
historical,2022-02-02,baseline,1,2,79,0,2.0562277580071173,0.0002393810000285157,,baseline,0
historical,2022-02-02,baseline,2,2,79,0,2.0562277580071173,0.00024073399981716648,,baseline,0
historical,2022-02-02,genetic,0,1,198,0,1.1409252669039147,0.5494249140001557,,evaluations,1000
historical,2022-02-02,genetic,1,1,198,0,1.1409252669039147,0.5333639159998711,,evaluations,1000
historical,2022-02-02,genetic,2,1,198,0,1.1409252669039147,0.5355846410002414,,evaluations,1000
historical,2022-02-02,hybrid,0,1,198,0,1.1409252669039147,0.5384650229998442,,evaluations,1000
historical,2022-02-02,hybrid,1,1,198,0,1.1409252669039147,0.5309737610004959,,evaluations,1000
historical,2022-02-02,hybrid,2,1,198,0,1.1409252669039147,0.5281163379995633,,evaluations,1000
historical,2022-02-02,tabu,0,1,198,0,1.1409252669039147,0.5594791979992806,,evaluations,1000
historical,2022-02-02,tabu,1,1,198,0,1.1409252669039147,0.5454281470001661,,evaluations,1000
historical,2022-02-02,tabu,2,1,198,0,1.1409252669039147,0.5260468770002262,,evaluations,1000
historical,2022-10-20,aco,0,7,154,0,7.0751953125,0.7017818270005591,,evaluations,1000
historical,2022-10-20,aco,1,7,154,0,7.0751953125,0.6961870730001465,,evaluations,1000
historical,2022-10-20,aco,2,7,154,0,7.0751953125,0.7031833490000281,,evaluations,1000
historical,2022-10-20,annealing,0,7,154,0,7.0751953125,0.5386239239996939,,evaluations,1000
historical,2022-10-20,annealing,1,7,154,0,7.0751953125,0.5424040190000596,,evaluations,1000
historical,2022-10-20,annealing,2,7,154,0,7.0751953125,0.5479681469996649,,evaluations,1000
historical,2022-10-20,baseline,0,7,154,0,7.0751953125,0.00037430999964271905,,baseline,0
historical,2022-10-20,baseline,1,7,154,0,7.0751953125,0.00032695899972168263,,baseline,0
historical,2022-10-20,baseline,2,7,154,0,7.0751953125,0.0003154859996357118,,baseline,0
historical,2022-10-20,genetic,0,7,154,0,7.0751953125,0.5517301760000919,,evaluations,1000
historical,2022-10-20,genetic,1,7,154,0,7.0751953125,0.5514322839999295,,evaluations,1000
historical,2022-10-20,genetic,2,7,154,0,7.0751953125,0.5556671859994822,,evaluations,1000
historical,2022-10-20,hybrid,0,7,154,0,7.0751953125,0.5463907180001115,,evaluations,1000
historical,2022-10-20,hybrid,1,7,154,0,7.0751953125,0.5430427829996916,,evaluations,1000
historical,2022-10-20,hybrid,2,7,154,0,7.0751953125,0.5729940459996214,,evaluations,1000
historical,2022-10-20,tabu,0,7,154,0,7.0751953125,0.5460112410000875,,evaluations,1000
historical,2022-10-20,tabu,1,7,154,0,7.0751953125,0.5532752139997683,,evaluations,1000
historical,2022-10-20,tabu,2,7,154,0,7.0751953125,0.5419491430002381,,evaluations,1000
large,sample-100-0,aco,0,0,661,0,0.08042340917386544,1.371558976000415,,evaluations,1000
large,sample-100-0,aco,1,0,661,0,0.08042340917386544,1.3405288789999759,,evaluations,1000
large,sample-100-0,aco,2,0,661,0,0.08042340917386544,1.3835836500002188,,evaluations,1000
large,sample-100-0,annealing,0,0,658,0,0.08005840126536075,0.7021717859997807,,evaluations,1000
large,sample-100-0,annealing,1,0,658,0,0.08005840126536075,0.6758392629999435,,evaluations,1000
large,sample-100-0,annealing,2,0,658,0,0.08005840126536075,0.6800445179997041,,evaluations,1000
large,sample-100-0,baseline,0,0,661,0,0.08042340917386544,0.0015487889995711157,,baseline,0
large,sample-100-0,baseline,1,0,661,0,0.08042340917386544,0.001561310999932175,,baseline,0
large,sample-100-0,baseline,2,0,661,0,0.08042340917386544,0.0015094509999471484,,baseline,0
large,sample-100-0,genetic,0,0,661,0,0.08042340917386544,0.6987461890003033,,evaluations,1000
large,sample-100-0,genetic,1,0,661,0,0.08042340917386544,0.6908086150006056,,evaluations,1000
large,sample-100-0,genetic,2,0,661,0,0.08042340917386544,0.7148962279998159,,evaluations,1000
large,sample-100-0,hybrid,0,0,658,0,0.08005840126536075,0.6614035689999582,,evaluations,1000
large,sample-100-0,hybrid,1,0,658,0,0.08005840126536075,0.7155591750006352,,evaluations,1000
large,sample-100-0,hybrid,2,0,658,0,0.08005840126536075,0.7062339049998627,,evaluations,1000
large,sample-100-0,tabu,0,0,658,0,0.08005840126536075,0.6949827569997069,,evaluations,1000
large,sample-100-0,tabu,1,0,658,0,0.08005840126536075,0.6739175169996088,,evaluations,1000
large,sample-100-0,tabu,2,0,658,0,0.08005840126536075,0.6696080439996877,,evaluations,1000
large,sample-100-1,aco,0,0,588,0,0.06800046258818088,1.3951196529997105,,evaluations,1000
large,sample-100-1,aco,1,0,555,0,0.06418411009598705,1.3522432130002926,,evaluations,1000
large,sample-100-1,aco,2,0,571,0,0.06603446281947496,1.3525127029997748,,evaluations,1000
large,sample-100-1,annealing,0,0,546,0,0.0631432866890251,0.6741977250003401,,evaluations,1000
large,sample-100-1,annealing,1,0,546,0,0.0631432866890251,0.7019100550005533,,evaluations,1000
large,sample-100-1,annealing,2,0,546,0,0.0631432866890251,0.740849118999904,,evaluations,1000
large,sample-100-1,baseline,0,0,675,0,0.0780617555221464,0.0018281070006196387,,baseline,0
large,sample-100-1,baseline,1,0,675,0,0.0780617555221464,0.0016235069997492246,,baseline,0
large,sample-100-1,baseline,2,0,675,0,0.0780617555221464,0.0017157199999928707,,baseline,0
large,sample-100-1,genetic,0,0,675,0,0.0780617555221464,0.6824413949998416,,evaluations,1000
large,sample-100-1,genetic,1,0,675,0,0.0780617555221464,0.7146987060004903,,evaluations,1000
large,sample-100-1,genetic,2,0,675,0,0.0780617555221464,0.6829791629997999,,evaluations,1000
large,sample-100-1,hybrid,0,0,546,0,0.0631432866890251,0.6720114770005239,,evaluations,1000
large,sample-100-1,hybrid,1,0,546,0,0.0631432866890251,0.6740525200002594,,evaluations,1000
large,sample-100-1,hybrid,2,0,546,0,0.0631432866890251,0.6657069419998152,,evaluations,1000
large,sample-100-1,tabu,0,0,546,0,0.0631432866890251,0.6644442500000878,,evaluations,1000
large,sample-100-1,tabu,1,0,546,0,0.0631432866890251,0.7091900819996226,,evaluations,1000
large,sample-100-1,tabu,2,0,546,0,0.0631432866890251,0.6610529019999376,,evaluations,1000
large,sample-300-0,aco,0,0,2093,0,0.0817003669295027,3.700390322000203,,evaluations,1000
large,sample-300-0,aco,1,0,2093,0,0.0817003669295027,3.6478711050003767,,evaluations,1000
large,sample-300-0,aco,2,0,2093,0,0.0817003669295027,3.6202633969996896,,evaluations,1000
large,sample-300-0,annealing,0,0,1857,0,0.0724880943086892,1.1066512870002043,,evaluations,1000
large,sample-300-0,annealing,1,0,1860,0,0.07260519946912328,1.104923362999216,,evaluations,1000
large,sample-300-0,annealing,2,0,1857,0,0.0724880943086892,1.144756683000196,,evaluations,1000
large,sample-300-0,baseline,0,0,2093,0,0.0817003669295027,0.008548247000362608,,baseline,0
large,sample-300-0,baseline,1,0,2093,0,0.0817003669295027,0.008817464999992808,,baseline,0
large,sample-300-0,baseline,2,0,2093,0,0.0817003669295027,0.009010449000015797,,baseline,0
large,sample-300-0,genetic,0,0,2093,0,0.0817003669295027,1.1767284560000917,,evaluations,1000
large,sample-300-0,genetic,1,0,2093,0,0.0817003669295027,1.0948536080004487,,evaluations,1000
large,sample-300-0,genetic,2,0,2093,0,0.0817003669295027,1.122771463999925,,evaluations,1000
large,sample-300-0,hybrid,0,0,1857,0,0.0724880943086892,1.0832244110006286,,evaluations,1000
large,sample-300-0,hybrid,1,0,1857,0,0.0724880943086892,1.0970962150004198,,evaluations,1000
large,sample-300-0,hybrid,2,0,1857,0,0.0724880943086892,1.1021990999997797,,evaluations,1000
large,sample-300-0,tabu,0,0,1857,0,0.0724880943086892,1.1252202830000897,,evaluations,1000
large,sample-300-0,tabu,1,0,1857,0,0.0724880943086892,1.1035876160003681,,evaluations,1000
large,sample-300-0,tabu,2,0,1857,0,0.0724880943086892,1.1222077049997097,,evaluations,1000
large,sample-300-1,aco,0,0,2297,0,0.0874880975052371,3.667716257000393,,evaluations,1000
large,sample-300-1,aco,1,0,2297,0,0.0874880975052371,3.842234937000285,,evaluations,1000
large,sample-300-1,aco,2,0,2297,0,0.0874880975052371,3.761016631999155,,evaluations,1000
large,sample-300-1,annealing,0,0,1966,0,0.07488097505237097,1.0534256479995747,,evaluations,1000
large,sample-300-1,annealing,1,0,1954,0,0.07442391925347552,1.0919908350006153,,evaluations,1000
large,sample-300-1,annealing,2,0,1954,0,0.07442391925347552,1.0875570999996853,,evaluations,1000
large,sample-300-1,baseline,0,0,2297,0,0.0874880975052371,0.008703258999958052,,baseline,0
large,sample-300-1,baseline,1,0,2297,0,0.0874880975052371,0.009462902000450413,,baseline,0
large,sample-300-1,baseline,2,0,2297,0,0.0874880975052371,0.008722179999494983,,baseline,0
large,sample-300-1,genetic,0,0,2297,0,0.0874880975052371,1.0922543939996103,,evaluations,1000
large,sample-300-1,genetic,1,0,2297,0,0.0874880975052371,1.1408210190002137,,evaluations,1000
large,sample-300-1,genetic,2,0,2297,0,0.0874880975052371,1.1422687829999632,,evaluations,1000
large,sample-300-1,hybrid,0,0,1954,0,0.07442391925347552,1.0993225380007061,,evaluations,1000
large,sample-300-1,hybrid,1,0,1954,0,0.07442391925347552,1.078220037000392,,evaluations,1000
large,sample-300-1,hybrid,2,0,1954,0,0.07442391925347552,1.0767176610006572,,evaluations,1000
large,sample-300-1,tabu,0,0,1954,0,0.07442391925347552,1.0900009930001033,,evaluations,1000
large,sample-300-1,tabu,1,0,1954,0,0.07442391925347552,1.0912321080004403,,evaluations,1000
large,sample-300-1,tabu,2,0,1954,0,0.07442391925347552,1.108661426999788,,evaluations,1000
