scale,method_short,scenario,fitness,time_s
large,ACO,deterministic,-5876.7,18.95
large,ACO,stochastic,-5884.35,37.87
large,GA,deterministic,-8641.54,1.59
large,GA,stochastic,-8277.8,2.79
large,SA,deterministic,-5198.36,0.49
large,SA,stochastic,-5259.21,0.96
large,Tabu,deterministic,-5198.42,0.67
large,Tabu,stochastic,-5244.62,1.16
large,Tabu+SA,deterministic,-5198.35,0.97
large,Tabu+SA,stochastic,-5223.57,1.77
small,ACO,deterministic,-3.31,2.06
small,ACO,stochastic,-3.31,1.94
small,GA,deterministic,-3.3,0.58
small,GA,stochastic,-3.3,0.56
small,SA,deterministic,-3.25,0.24
small,SA,stochastic,-3.25,0.22
small,Tabu,deterministic,-3.25,0.27
small,Tabu,stochastic,-3.25,0.24
small,Tabu+SA,deterministic,-3.25,0.44
small,Tabu+SA,stochastic,-3.25,0.41
